{
    "data": [
        {
            "listGoods": [
                "quần áo",
                "smartphone"
            ],
            "name": "Bùi Ngọc Huy",
            "phone": "0937046839",
            "address": "Xuân Lộc, Đồng Nai",
            "purchaseType": "COD",
            "totalPrice": 10,
            "time": 11
        },
        {
            "listGoods": [
                "quần áo",
                "smartphone"
            ],
            "name": "Bùi Ngọc Huy",
            "phone": "0937046839",
            "address": "Xuân Lộc, Đồng Nai",
            "purchaseType": "Thanh toán bằng số dư",
            "totalPrice": 10,
            "time": 11
        }
    ]
}